{"FIGHT_PROP_ATTACK":19.450000762939453,"FIGHT_PROP_ATTACK_PERCENT":0.05829999968409538,"FIGHT_PROP_CHARGE_EFFICIENCY":0.06480000168085098,"FIGHT_PROP_CRITICAL":0.03889999911189079,"FIGHT_PROP_CRITICAL_HURT":0.07769999653100967,"FIGHT_PROP_DEFENSE":23.149999618530273,"FIGHT_PROP_DEFENSE_PERCENT":0.07289999723434448,"FIGHT_PROP_ELEMENT_MASTERY":23.309999465942383,"FIGHT_PROP_HP":298.75,"FIGHT_PROP_HP_PERCENT":0.05829999968409538}